Region,CalendarYear,Month,Days,Kilograms
Mapstone - Cairns,1996,04 - April,N/A,N/A
Mapstone - Cairns,1996,05 - May,N/A,N/A
Mapstone - Cairns,1996,06 - June,N/A,N/A
Mapstone - Cairns,1996,07 - July,N/A,N/A
Mapstone - Cairns,1996,08 - August,17,20.9
Mapstone - Cairns,1996,09 - September,24,25
Mapstone - Cairns,1996,10 - October,30,19
Mapstone - Cairns,1996,11 - November,18,0
Mapstone - Cairns,1996,12 - December,18,6
Mapstone - Cairns,1996 Total,,137,106.98
Mapstone - Cairns,1997,01 - January,21,0
Mapstone - Cairns,1997,02 - February,18,80
Mapstone - Cairns,1997,03 - March,24,62.2
Mapstone - Cairns,1997,04 - April,21,9.5
Mapstone - Cairns,1997,05 - May,22,9.7
Mapstone - Cairns,1997,06 - June,17,12.5
Mapstone - Cairns,1997,07 - July,13,19
Mapstone - Cairns,1997,08 - August,N/A,N/A
Mapstone - Cairns,1997,09 - September,21,11.5
Mapstone - Cairns,1997,10 - October,39,25.5
Mapstone - Cairns,1997,11 - November,39,4
Mapstone - Cairns,1997,12 - December,43,0
Mapstone - Cairns,1997 Total,,297,246.9
Mapstone - Cairns,1998,01 - January,48,0
Mapstone - Cairns,1998,02 - February,25,54
Mapstone - Cairns,1998,03 - March,24,13
Mapstone - Cairns,1998,04 - April,27,20
Mapstone - Cairns,1998,05 - May,29,36.5
Mapstone - Cairns,1998,06 - June,17,20
Mapstone - Cairns,1998,07 - July,23,25.5
Mapstone - Cairns,1998,08 - August,31,74.34
Mapstone - Cairns,1998,09 - September,44,71
Mapstone - Cairns,1998,10 - October,57,25.5
Mapstone - Cairns,1998,11 - November,52,7
Mapstone - Cairns,1998,12 - December,53,55.34
Mapstone - Cairns,1998 Total,,430,402.18
Mapstone - Cairns,1999,01 - January,43,0
Mapstone - Cairns,1999,02 - February,30,37
Mapstone - Cairns,1999,03 - March,46,66.78
Mapstone - Cairns,1999,04 - April,44,43.76
Mapstone - Cairns,1999,05 - May,39,47
Mapstone - Cairns,1999,06 - June,30,50.64
Mapstone - Cairns,1999,07 - July,41,55.08
Mapstone - Cairns,1999,08 - August,34,22.94
Mapstone - Cairns,1999,09 - September,62,63.02
Mapstone - Cairns,1999,10 - October,57,138.51
Mapstone - Cairns,1999,11 - November,35,11
Mapstone - Cairns,1999,12 - December,26,0
Mapstone - Cairns,1999 Total,,487,535.73
Mapstone - Cairns,2000,01 - January,31,11.88
Mapstone - Cairns,2000,02 - February,12,0
Mapstone - Cairns,2000,03 - March,51,54.64
Mapstone - Cairns,2000,04 - April,45,44.2
Mapstone - Cairns,2000,05 - May,25,21.7
Mapstone - Cairns,2000,06 - June,18,20.58
Mapstone - Cairns,2000,07 - July,19,23.5
Mapstone - Cairns,2000,08 - August,43,75.9
Mapstone - Cairns,2000,09 - September,50,56
Mapstone - Cairns,2000,10 - October,62,63.14
Mapstone - Cairns,2000,11 - November,46,8
Mapstone - Cairns,2000,12 - December,35,0
Mapstone - Cairns,2000 Total,,437,379.54
Mapstone - Cairns,2001,01 - January,34,0
Mapstone - Cairns,2001,02 - February,39,23
Mapstone - Cairns,2001,03 - March,65,64.5
Mapstone - Cairns,2001,04 - April,52,107.32
Mapstone - Cairns,2001,05 - May,39,87.14
Mapstone - Cairns,2001,06 - June,46,33.94
Mapstone - Cairns,2001,07 - July,51,183.48
Mapstone - Cairns,2001,08 - August,57,69.5
Mapstone - Cairns,2001,09 - September,54,64.5
Mapstone - Cairns,2001,10 - October,73,98.82
Mapstone - Cairns,2001,11 - November,49,7
Mapstone - Cairns,2001,12 - December,68,8
Mapstone - Cairns,2001 Total,,627,747.2
Mapstone - Cairns,2002,01 - January,59,0
Mapstone - Cairns,2002,02 - February,41,45.1
Mapstone - Cairns,2002,03 - March,30,33.5
Mapstone - Cairns,2002,04 - April,41,70.94
Mapstone - Cairns,2002,05 - May,40,48.57
Mapstone - Cairns,2002,06 - June,32,17.88
Mapstone - Cairns,2002,07 - July,34,53.38
Mapstone - Cairns,2002,08 - August,51,44.5
Mapstone - Cairns,2002,09 - September,49,24.76
Mapstone - Cairns,2002,10 - October,58,43.64
Mapstone - Cairns,2002,11 - November,41,0
Mapstone - Cairns,2002,12 - December,36,21
Mapstone - Cairns,2002 Total,,512,403.27
Mapstone - Cairns,2003,01 - January,39,23
Mapstone - Cairns,2003,02 - February,55,55.1
Mapstone - Cairns,2003,03 - March,41,39.64
Mapstone - Cairns,2003,04 - April,57,55.52
Mapstone - Cairns,2003,05 - May,52,33.08
Mapstone - Cairns,2003,06 - June,46,72.98
Mapstone - Cairns,2003,07 - July,37,22.98
Mapstone - Cairns,2003,08 - August,42,32.68
Mapstone - Cairns,2003,09 - September,68,65.98
Mapstone - Cairns,2003,10 - October,84,83.12
Mapstone - Cairns,2003,11 - November,41,4
Mapstone - Cairns,2003,12 - December,45,0
Mapstone - Cairns,2003 Total,,607,488.08
Mapstone - Cairns,2004,01 - January,39,0
Mapstone - Cairns,2004,02 - February,44,55.5
Mapstone - Cairns,2004,03 - March,50,65.5
Mapstone - Cairns,2004,04 - April,63,72.94
Mapstone - Cairns,2004,05 - May,40,81.78
Mapstone - Cairns,2004,06 - June,33,38.5
Mapstone - Cairns,2004,07 - July,47,30
Mapstone - Cairns,2004,08 - August,66,42.5
Mapstone - Cairns,2004,09 - September,83,69.52
Mapstone - Cairns,2004,10 - October,70,66.64
Mapstone - Cairns,2004,11 - November,63,8
Mapstone - Cairns,2004,12 - December,47,5
Mapstone - Cairns,2004 Total,,645,535.88
Mapstone - Cairns,2005,01 - January,42,3
Mapstone - Cairns,2005,02 - February,64,80
Mapstone - Cairns,2005,03 - March,67,50.76
Mapstone - Cairns,2005,04 - April,65,97.6
Mapstone - Cairns,2005,05 - May,50,42.58
Mapstone - Cairns,2005,06 - June,58,38.64
Mapstone - Cairns,2005,07 - July,37,16
Mapstone - Cairns,2005,08 - August,44,19.82
Mapstone - Cairns,2005,09 - September,68,116.6
Mapstone - Cairns,2005,10 - October,92,79.26
Mapstone - Cairns,2005,11 - November,65,2
Mapstone - Cairns,2005,12 - December,42,2
Mapstone - Cairns,2005 Total,,694,548.26
Mapstone - Cairns,2006,01 - January,35,5
Mapstone - Cairns,2006,02 - February,44,64.32
Mapstone - Cairns,2006,03 - March,48,101.86
Mapstone - Cairns,2006,04 - April,50,150.36
Mapstone - Cairns,2006,05 - May,17,8.94
Mapstone - Cairns,2006,06 - June,18,27.32
Mapstone - Cairns,2006,07 - July,18,16.82
Mapstone - Cairns,2006,08 - August,22,28.76
Mapstone - Cairns,2006,09 - September,35,19.94
Mapstone - Cairns,2006,10 - October,44,74.62
Mapstone - Cairns,2006,11 - November,25,3
Mapstone - Cairns,2006,12 - December,16,6
Mapstone - Cairns,2006 Total,,372,506.94
Mapstone - Cairns,2007,01 - January,29,6
Mapstone - Cairns,2007,02 - February,22,16.32
Mapstone - Cairns,2007,03 - March,25,35.84
Mapstone - Cairns,2007,04 - April,41,74.62
Mapstone - Cairns,2007,05 - May,33,111.68
Mapstone - Cairns,2007,06 - June,22,47.1
Mapstone - Cairns,2007,07 - July,N/A,N/A
Mapstone - Cairns,2007,08 - August,21,20.82
Mapstone - Cairns,2007,09 - September,43,41.88
Mapstone - Cairns,2007,10 - October,72,100.74
Mapstone - Cairns,2007,11 - November,29,5.88
Mapstone - Cairns,2007,12 - December,14,4
Mapstone - Cairns,2007 Total,,363,491.7
Mapstone - Cairns,2008,01 - January,13,0
Mapstone - Cairns,2008,02 - February,16,3
Mapstone - Cairns,2008,03 - March,21,44.94
Mapstone - Cairns,2008,04 - April,31,37.96
Mapstone - Cairns,2008,05 - May,24,83.5
Mapstone - Cairns,2008,06 - June,8,6
Mapstone - Cairns,2008,07 - July,N/A,N/A
Mapstone - Cairns,2008,08 - August,13,6.94
Mapstone - Cairns,2008,09 - September,26,17.64
Mapstone - Cairns,2008,10 - October,41,27.2
Mapstone - Cairns,2008,11 - November,17,0
Mapstone - Cairns,2008,12 - December,N/A,N/A
Mapstone - Cairns,2008 Total,,231,227.18
Mapstone - Cairns,2009,01 - January,20,0
Mapstone - Cairns,2009,02 - February,21,5
Mapstone - Cairns,2009,03 - March,37,54.14
Mapstone - Cairns,2009,04 - April,37,76.8
Mapstone - Cairns,2009,05 - May,20,23.76
Mapstone - Cairns,2009,06 - June,10,5
Mapstone - Cairns,2009,07 - July,N/A,N/A
Mapstone - Cairns,2009,08 - August,19,16.88
Mapstone - Cairns,2009,09 - September,45,58.16
Mapstone - Cairns,2009,10 - October,34,106.44
Mapstone - Cairns,2009,11 - November,44,2.94
Mapstone - Cairns,2009,12 - December,10,0
Mapstone - Cairns,2009 Total,,310,361.12
Mapstone - Cairns,2010,01 - January,N/A,N/A
Mapstone - Cairns,2010,02 - February,10,3.5
Mapstone - Cairns,2010,03 - March,30,134
Mapstone - Cairns,2010,04 - April,34,134
Mapstone - Cairns,2010,05 - May,18,31
Mapstone - Cairns,2010,06 - June,16,5
Mapstone - Cairns,2010,07 - July,10,5
Mapstone - Cairns,2010,08 - August,25,2
Mapstone - Cairns,2010,09 - September,47,32.5
Mapstone - Cairns,2010,10 - October,59,111
Mapstone - Cairns,2010,11 - November,15,2.94
Mapstone - Cairns,2010,12 - December,N/A,N/A
Mapstone - Cairns,2010 Total,,273,463.88
Mapstone - Cairns,2011,01 - January,N/A,N/A
Mapstone - Cairns,2011,02 - February,12,12
Mapstone - Cairns,2011,03 - March,35,71
Mapstone - Cairns,2011,04 - April,43,100.5
Mapstone - Cairns,2011,05 - May,38,105
Mapstone - Cairns,2011,06 - June,26,27
Mapstone - Cairns,2011,07 - July,22,22
Mapstone - Cairns,2011,08 - August,30,17
Mapstone - Cairns,2011,09 - September,41,52
Mapstone - Cairns,2011,10 - October,51,47.5
Mapstone - Cairns,2011,11 - November,9,0
Mapstone - Cairns,2011,12 - December,N/A,N/A
Mapstone - Cairns,2011 Total,,323,454
Mapstone - Cairns,2012,01 - January,N/A,N/A
Mapstone - Cairns,2012,02 - February,18,12
Mapstone - Cairns,2012,03 - March,20,150
Mapstone - Cairns,2012,04 - April,30,216
Mapstone - Cairns,2012,05 - May,30,152
Mapstone - Cairns,2012,06 - June,N/A,N/A
Mapstone - Cairns,2012,07 - July,N/A,N/A
Mapstone - Cairns,2012,08 - August,16,39.5
Mapstone - Cairns,2012,09 - September,34,60.5
Mapstone - Cairns,2012,10 - October,55,108.64
Mapstone - Cairns,2012,11 - November,20,0
Mapstone - Cairns,2012,12 - December,N/A,N/A
Mapstone - Cairns,2012 Total,,265,801.14
Mapstone - Cairns,2013,01 - January,N/A,N/A
Mapstone - Cairns,2013,02 - February,13,69
Mapstone - Cairns,2013,03 - March,34,206
Mapstone - Cairns,2013,04 - April,25,115
Mapstone - Cairns,2013,05 - May,26,61
Mapstone - Cairns,2013,06 - June,N/A,N/A
Mapstone - Cairns,2013,07 - July,29,225
Mapstone - Cairns,2013,08 - August,18,28.5
Mapstone - Cairns,2013,09 - September,N/A,N/A
Mapstone - Cairns,2013,10 - October,N/A,N/A
Mapstone - Cairns,2013,11 - November,N/A,N/A
Mapstone - Cairns,2013,12 - December,N/A,N/A
Mapstone - Cairns,2013 Total,,281,"1,025.5"
Mapstone - Cairns,2014,01 - January,N/A,N/A
Mapstone - Cairns,2014,02 - February,N/A,N/A
Mapstone - Cairns,2014,03 - March,N/A,N/A
Mapstone - Cairns,2014,04 - April,N/A,N/A
Mapstone - Cairns,2014,05 - May,N/A,N/A
Mapstone - Cairns,2014,06 - June,N/A,N/A
Mapstone - Cairns,2014,07 - July,N/A,N/A
Mapstone - Cairns,2014,08 - August,N/A,N/A
Mapstone - Cairns,2014,09 - September,N/A,N/A
Mapstone - Cairns,2014,10 - October,38,32.5
Mapstone - Cairns,2014,11 - November,N/A,N/A
Mapstone - Cairns,2014,12 - December,N/A,N/A
Mapstone - Cairns,2014 Total,,197,426
Mapstone - Cairns,2015,01 - January,N/A,N/A
Mapstone - Cairns,2015,02 - February,N/A,N/A
Mapstone - Cairns,2015,03 - March,N/A,N/A
Mapstone - Cairns,2015,04 - April,N/A,N/A
Mapstone - Cairns,2015,05 - May,N/A,N/A
Mapstone - Cairns,2015,06 - June,N/A,N/A
Mapstone - Cairns,2015,07 - July,N/A,N/A
Mapstone - Cairns,2015,08 - August,N/A,N/A
Mapstone - Cairns,2015,09 - September,N/A,N/A
Mapstone - Cairns,2015,10 - October,25,110
Mapstone - Cairns,2015,11 - November,N/A,N/A
Mapstone - Cairns,2015,12 - December,N/A,N/A
Mapstone - Cairns,2015 Total,,163,331
Mapstone - Cairns,2016,01 - January,N/A,N/A
Mapstone - Cairns,2016,02 - February,N/A,N/A
Mapstone - Cairns,2016,03 - March,18,37
Mapstone - Cairns,2016,04 - April,22,28
Mapstone - Cairns,2016,05 - May,N/A,N/A
Mapstone - Cairns,2016,06 - June,N/A,N/A
Mapstone - Cairns,2016,07 - July,19,15.88
Mapstone - Cairns,2016,08 - August,N/A,N/A
Mapstone - Cairns,2016,09 - September,20,36.88
Mapstone - Cairns,2016,10 - October,23,53.5
Mapstone - Cairns,2016,11 - November,N/A,N/A
Mapstone - Cairns,2016,12 - December,N/A,N/A
Mapstone - Cairns,2016 Total,,166,225.26
Mapstone - Cairns,2017,01 - January,N/A,N/A
Mapstone - Cairns,2017,02 - February,25,71.16
Mapstone - Cairns,2017,03 - March,21,337
Mapstone - Cairns,2017,04 - April,20,102.94
Mapstone - Cairns,2017,05 - May,N/A,N/A
Mapstone - Cairns,2017,06 - June,28,60
Mapstone - Cairns,2017,07 - July,18,46
Mapstone - Cairns,2017,08 - August,13,29.5
Mapstone - Cairns,2017,09 - September,27,42.5
Mapstone - Cairns,2017,10 - October,18,43.5
Mapstone - Cairns,2017,11 - November,N/A,N/A
Mapstone - Cairns,2017,12 - December,N/A,N/A
Mapstone - Cairns,2017 Total,,204,767.6
Mapstone - Cairns,2018,01 - January,N/A,N/A
Mapstone - Cairns,2018,02 - February,N/A,N/A
Mapstone - Cairns,2018,03 - March,9,36.58
Mapstone - Cairns,2018,04 - April,19,182.82
Mapstone - Cairns,2018,05 - May,38,378
Mapstone - Cairns,2018,06 - June,N/A,N/A
Mapstone - Cairns,2018,07 - July,19,39.58
Mapstone - Cairns,2018,08 - August,27,64.7
Mapstone - Cairns,2018,09 - September,22,33.26
Mapstone - Cairns,2018,10 - October,29,56.82
Mapstone - Cairns,2018,11 - November,11,5
Mapstone - Cairns,2018,12 - December,6,0
Mapstone - Cairns,2018 Total,,209,881.76
Mapstone - Cairns,2019,01 - January,N/A,N/A
Mapstone - Cairns,2019,02 - February,N/A,N/A
Mapstone - Cairns,2019,03 - March,15,33.32
Mapstone - Cairns,2019,04 - April,22,60.7
Mapstone - Cairns,2019,05 - May,N/A,N/A
Mapstone - Cairns,2019,06 - June,N/A,N/A
Mapstone - Cairns,2019,07 - July,N/A,N/A
Mapstone - Cairns,2019,08 - August,N/A,N/A
Mapstone - Cairns,2019,09 - September,N/A,N/A
Mapstone - Cairns,2019,10 - October,27,35
Mapstone - Cairns,2019,11 - November,N/A,N/A
Mapstone - Cairns,2019,12 - December,N/A,N/A
Mapstone - Cairns,2019 Total,,121,278.78
Mapstone - Cairns,2020,01 - January,13,0
Mapstone - Cairns,2020,02 - February,N/A,N/A
Mapstone - Cairns,2020,03 - March,N/A,N/A
Mapstone - Cairns,2020,07 - July,10,23.94
Mapstone - Cairns,2020,08 - August,20,66.04
Mapstone - Cairns,2020,09 - September,22,53
Mapstone - Cairns,2020,10 - October,N/A,N/A
Mapstone - Cairns,2020,11 - November,N/A,N/A
Mapstone - Cairns,2020,12 - December,N/A,N/A
Mapstone - Cairns,2020 Total,,101,161.98
Mapstone - Cairns,2021,01 - January,N/A,N/A
Mapstone - Cairns,2021,02 - February,N/A,N/A
Mapstone - Cairns,2021,03 - March,N/A,N/A
Mapstone - Cairns,2021,04 - April,N/A,N/A
Mapstone - Cairns,2021,05 - May,N/A,N/A
Mapstone - Cairns,2021,06 - June,N/A,N/A
Mapstone - Cairns,2021,07 - July,N/A,N/A
Mapstone - Cairns,2021,08 - August,N/A,N/A
Mapstone - Cairns,2021,09 - September,N/A,N/A
Mapstone - Cairns,2021,10 - October,N/A,N/A
Mapstone - Cairns,2021,11 - November,N/A,N/A
Mapstone - Cairns,2021,12 - December,N/A,N/A
Mapstone - Cairns,2021 Total,,97,270.82
Mapstone - Cairns,2022,01 - January,N/A,N/A
Mapstone - Cairns,2022,02 - February,17,37.5
Mapstone - Cairns,2022,03 - March,26,44
Mapstone - Cairns,2022,04 - April,N/A,N/A
Mapstone - Cairns,2022,05 - May,N/A,N/A
Mapstone - Cairns,2022,06 - June,N/A,N/A
Mapstone - Cairns,2022,07 - July,N/A,N/A
Mapstone - Cairns,2022,08 - August,N/A,N/A
Mapstone - Cairns,2022,09 - September,N/A,N/A
Mapstone - Cairns,2022,10 - October,N/A,N/A
Mapstone - Cairns,2022,11 - November,N/A,N/A
Mapstone - Cairns,2022,12 - December,N/A,N/A
Mapstone - Cairns,2022 Total,,197,402.8
Mapstone - Cairns,2023,01 - January,N/A,N/A
Mapstone - Cairns,2023,02 - February,N/A,N/A
Mapstone - Cairns,2023,03 - March,N/A,N/A
Mapstone - Cairns,2023,04 - April,N/A,N/A
Mapstone - Cairns,2023,05 - May,N/A,N/A
Mapstone - Cairns,2023,06 - June,N/A,N/A
Mapstone - Cairns,2023,07 - July,N/A,N/A
Mapstone - Cairns,2023,08 - August,N/A,N/A
Mapstone - Cairns,2023,09 - September,16,14
Mapstone - Cairns,2023,10 - October,N/A,N/A
Mapstone - Cairns,2023,11 - November,N/A,N/A
Mapstone - Cairns,2023,12 - December,N/A,N/A
Mapstone - Cairns,2023 Total,,129,273
Mapstone - Cairns Total,,,8875,"12,744.48"
Mapstone - Capricorn bunker,1997,09 - September,N/A,N/A
Mapstone - Capricorn bunker,1998,02 - February,N/A,N/A
Mapstone - Capricorn bunker,1999,11 - November,N/A,N/A
Mapstone - Capricorn bunker,2000,04 - April,N/A,N/A
Mapstone - Capricorn bunker,2000,08 - August,N/A,N/A
Mapstone - Capricorn bunker,2000,09 - September,N/A,N/A
Mapstone - Capricorn bunker,2000,10 - October,N/A,N/A
Mapstone - Capricorn bunker,2000,12 - December,N/A,N/A
Mapstone - Capricorn bunker,2000 Total,,N/A,N/A
Mapstone - Capricorn bunker,2001,02 - February,N/A,N/A
Mapstone - Capricorn bunker,2001,04 - April,N/A,N/A
Mapstone - Capricorn bunker,2001,05 - May,N/A,N/A
Mapstone - Capricorn bunker,2001,11 - November,N/A,N/A
Mapstone - Capricorn bunker,2001 Total,,N/A,N/A
Mapstone - Capricorn bunker,2002,11 - November,N/A,N/A
Mapstone - Capricorn bunker,2002,12 - December,N/A,N/A
Mapstone - Capricorn bunker,2002 Total,,N/A,N/A
Mapstone - Capricorn bunker,2005,01 - January,N/A,N/A
Mapstone - Capricorn bunker,2005,02 - February,N/A,N/A
Mapstone - Capricorn bunker,2005,03 - March,N/A,N/A
Mapstone - Capricorn bunker,2005,10 - October,N/A,N/A
Mapstone - Capricorn bunker,2005 Total,,N/A,N/A
Mapstone - Capricorn bunker,2006,01 - January,N/A,N/A
Mapstone - Capricorn bunker,2006,02 - February,N/A,N/A
Mapstone - Capricorn bunker,2006,03 - March,N/A,N/A
Mapstone - Capricorn bunker,2006,04 - April,N/A,N/A
Mapstone - Capricorn bunker,2006,05 - May,N/A,N/A
Mapstone - Capricorn bunker,2006,06 - June,N/A,N/A
Mapstone - Capricorn bunker,2006,08 - August,N/A,N/A
Mapstone - Capricorn bunker,2006,09 - September,N/A,N/A
Mapstone - Capricorn bunker,2006,10 - October,N/A,N/A
Mapstone - Capricorn bunker,2006 Total,,N/A,N/A
Mapstone - Capricorn bunker,2008,03 - March,N/A,N/A
Mapstone - Capricorn bunker,2008,04 - April,N/A,N/A
Mapstone - Capricorn bunker,2008,09 - September,N/A,N/A
Mapstone - Capricorn bunker,2008 Total,,N/A,N/A
Mapstone - Capricorn bunker,2009,02 - February,N/A,N/A
Mapstone - Capricorn bunker,2009,03 - March,N/A,N/A
Mapstone - Capricorn bunker,2009 Total,,N/A,N/A
Mapstone - Capricorn bunker,2010,02 - February,N/A,N/A
Mapstone - Capricorn bunker,2010,03 - March,N/A,N/A
Mapstone - Capricorn bunker,2010 Total,,N/A,N/A
Mapstone - Capricorn bunker,2011,08 - August,N/A,N/A
Mapstone - Capricorn bunker,2016,12 - December,N/A,N/A
Mapstone - Capricorn bunker,2017,01 - January,N/A,N/A
Mapstone - Capricorn bunker,2017,02 - February,N/A,N/A
Mapstone - Capricorn bunker,2017,03 - March,N/A,N/A
Mapstone - Capricorn bunker,2017,08 - August,N/A,N/A
Mapstone - Capricorn bunker,2017 Total,,N/A,N/A
Mapstone - Capricorn bunker,2018,02 - February,N/A,N/A
Mapstone - Capricorn bunker,2018,03 - March,N/A,N/A
Mapstone - Capricorn bunker,2018,04 - April,N/A,N/A
Mapstone - Capricorn bunker,2018,05 - May,N/A,N/A
Mapstone - Capricorn bunker,2018,07 - July,N/A,N/A
Mapstone - Capricorn bunker,2018,08 - August,N/A,N/A
Mapstone - Capricorn bunker,2018,09 - September,N/A,N/A
Mapstone - Capricorn bunker,2018,10 - October,N/A,N/A
Mapstone - Capricorn bunker,2018 Total,,55,"3,415"
Mapstone - Capricorn bunker,2019,01 - January,N/A,N/A
Mapstone - Capricorn bunker,2019,02 - February,N/A,N/A
Mapstone - Capricorn bunker,2019,03 - March,N/A,N/A
Mapstone - Capricorn bunker,2019,04 - April,N/A,N/A
Mapstone - Capricorn bunker,2019,05 - May,N/A,N/A
Mapstone - Capricorn bunker,2019,06 - June,N/A,N/A
Mapstone - Capricorn bunker,2019,07 - July,N/A,N/A
Mapstone - Capricorn bunker,2019,08 - August,N/A,N/A
Mapstone - Capricorn bunker,2019,09 - September,N/A,N/A
Mapstone - Capricorn bunker,2019,10 - October,N/A,N/A
Mapstone - Capricorn bunker,2019,11 - November,N/A,N/A
Mapstone - Capricorn bunker,2019,12 - December,N/A,N/A
Mapstone - Capricorn bunker,2019 Total,,99,"4,033.88"
Mapstone - Capricorn bunker,2020,01 - January,N/A,N/A
Mapstone - Capricorn bunker,2020,02 - February,N/A,N/A
Mapstone - Capricorn bunker,2020,03 - March,N/A,N/A
Mapstone - Capricorn bunker,2020,06 - June,N/A,N/A
Mapstone - Capricorn bunker,2020,09 - September,N/A,N/A
Mapstone - Capricorn bunker,2020,10 - October,N/A,N/A
Mapstone - Capricorn bunker,2020,11 - November,N/A,N/A
Mapstone - Capricorn bunker,2020,12 - December,N/A,N/A
Mapstone - Capricorn bunker,2020 Total,,N/A,N/A
Mapstone - Capricorn bunker,2021,01 - January,N/A,N/A
Mapstone - Capricorn bunker,2021,02 - February,N/A,N/A
Mapstone - Capricorn bunker,2021,03 - March,N/A,N/A
Mapstone - Capricorn bunker,2021,04 - April,N/A,N/A
Mapstone - Capricorn bunker,2021,05 - May,N/A,N/A
Mapstone - Capricorn bunker,2021,06 - June,N/A,N/A
Mapstone - Capricorn bunker,2021,07 - July,N/A,N/A
Mapstone - Capricorn bunker,2021,08 - August,N/A,N/A
Mapstone - Capricorn bunker,2021,09 - September,N/A,N/A
Mapstone - Capricorn bunker,2021,10 - October,N/A,N/A
Mapstone - Capricorn bunker,2021,11 - November,N/A,N/A
Mapstone - Capricorn bunker,2021,12 - December,N/A,N/A
Mapstone - Capricorn bunker,2021 Total,,N/A,N/A
Mapstone - Capricorn bunker,2022,01 - January,N/A,N/A
Mapstone - Capricorn bunker,2022,02 - February,N/A,N/A
Mapstone - Capricorn bunker,2022,03 - March,N/A,N/A
Mapstone - Capricorn bunker,2022,04 - April,N/A,N/A
Mapstone - Capricorn bunker,2022,05 - May,N/A,N/A
Mapstone - Capricorn bunker,2022,08 - August,N/A,N/A
Mapstone - Capricorn bunker,2022,09 - September,N/A,N/A
Mapstone - Capricorn bunker,2022,10 - October,N/A,N/A
Mapstone - Capricorn bunker,2022,11 - November,N/A,N/A
Mapstone - Capricorn bunker,2022,12 - December,N/A,N/A
Mapstone - Capricorn bunker,2022 Total,,N/A,N/A
Mapstone - Capricorn bunker,2023,01 - January,N/A,N/A
Mapstone - Capricorn bunker,2023,02 - February,N/A,N/A
Mapstone - Capricorn bunker,2023,03 - March,N/A,N/A
Mapstone - Capricorn bunker,2023,04 - April,N/A,N/A
Mapstone - Capricorn bunker,2023,05 - May,N/A,N/A
Mapstone - Capricorn bunker,2023,06 - June,N/A,N/A
Mapstone - Capricorn bunker,2023,07 - July,N/A,N/A
Mapstone - Capricorn bunker,2023,08 - August,N/A,N/A
Mapstone - Capricorn bunker,2023,09 - September,N/A,N/A
Mapstone - Capricorn bunker,2023,10 - October,N/A,N/A
Mapstone - Capricorn bunker,2023,11 - November,N/A,N/A
Mapstone - Capricorn bunker,2023,12 - December,N/A,N/A
Mapstone - Capricorn bunker,2023 Total,,N/A,N/A
Mapstone - Capricorn bunker Total,,,596,"10,799"
Mapstone - Far northern,1997,04 - April,N/A,N/A
Mapstone - Far northern,1997,05 - May,N/A,N/A
Mapstone - Far northern,1997,06 - June,N/A,N/A
Mapstone - Far northern,1997 Total,,N/A,N/A
Mapstone - Far northern,1998,06 - June,N/A,N/A
Mapstone - Far northern,1998,07 - July,N/A,N/A
Mapstone - Far northern,1998,09 - September,N/A,N/A
Mapstone - Far northern,1998 Total,,N/A,N/A
Mapstone - Far northern,1999,01 - January,N/A,N/A
Mapstone - Far northern,1999,04 - April,N/A,N/A
Mapstone - Far northern,1999,06 - June,N/A,N/A
Mapstone - Far northern,1999,08 - August,N/A,N/A
Mapstone - Far northern,1999,09 - September,N/A,N/A
Mapstone - Far northern,1999,10 - October,N/A,N/A
Mapstone - Far northern,1999,11 - November,N/A,N/A
Mapstone - Far northern,1999,12 - December,N/A,N/A
Mapstone - Far northern,1999 Total,,43,43.32
Mapstone - Far northern,2000,01 - January,N/A,N/A
Mapstone - Far northern,2000,04 - April,N/A,N/A
Mapstone - Far northern,2000,05 - May,N/A,N/A
Mapstone - Far northern,2000,06 - June,N/A,N/A
Mapstone - Far northern,2000,07 - July,N/A,N/A
Mapstone - Far northern,2000,08 - August,N/A,N/A
Mapstone - Far northern,2000,09 - September,N/A,N/A
Mapstone - Far northern,2000,10 - October,20,4
Mapstone - Far northern,2000,11 - November,N/A,N/A
Mapstone - Far northern,2000,12 - December,N/A,N/A
Mapstone - Far northern,2000 Total,,116,67
Mapstone - Far northern,2001,01 - January,N/A,N/A
Mapstone - Far northern,2001,04 - April,N/A,N/A
Mapstone - Far northern,2001,05 - May,12,30
Mapstone - Far northern,2001,06 - June,9,19
Mapstone - Far northern,2001,07 - July,N/A,N/A
Mapstone - Far northern,2001,08 - August,N/A,N/A
Mapstone - Far northern,2001,09 - September,N/A,N/A
Mapstone - Far northern,2001,10 - October,N/A,N/A
Mapstone - Far northern,2001,11 - November,N/A,N/A
Mapstone - Far northern,2001 Total,,68,65.5
Mapstone - Far northern,2002,04 - April,N/A,N/A
Mapstone - Far northern,2002,05 - May,N/A,N/A
Mapstone - Far northern,2002,06 - June,N/A,N/A
Mapstone - Far northern,2002,07 - July,N/A,N/A
Mapstone - Far northern,2002,08 - August,30,9
Mapstone - Far northern,2002,09 - September,20,9
Mapstone - Far northern,2002,10 - October,N/A,N/A
Mapstone - Far northern,2002,11 - November,24,71
Mapstone - Far northern,2002,12 - December,N/A,N/A
Mapstone - Far northern,2002 Total,,122,254.68
Mapstone - Far northern,2003,03 - March,N/A,N/A
Mapstone - Far northern,2003,04 - April,N/A,N/A
Mapstone - Far northern,2003,05 - May,16,11.5
Mapstone - Far northern,2003,06 - June,N/A,N/A
Mapstone - Far northern,2003,07 - July,N/A,N/A
Mapstone - Far northern,2003,08 - August,N/A,N/A
Mapstone - Far northern,2003,09 - September,N/A,N/A
Mapstone - Far northern,2003,10 - October,N/A,N/A
Mapstone - Far northern,2003,11 - November,27,0
Mapstone - Far northern,2003,12 - December,N/A,N/A
Mapstone - Far northern,2003 Total,,107,24.5
Mapstone - Far northern,2004,03 - March,N/A,N/A
Mapstone - Far northern,2004,04 - April,N/A,N/A
Mapstone - Far northern,2004,05 - May,N/A,N/A
Mapstone - Far northern,2004,06 - June,N/A,N/A
Mapstone - Far northern,2004,07 - July,N/A,N/A
Mapstone - Far northern,2004,08 - August,N/A,N/A
Mapstone - Far northern,2004,09 - September,23,8.82
Mapstone - Far northern,2004,10 - October,N/A,N/A
Mapstone - Far northern,2004,11 - November,15,0
Mapstone - Far northern,2004,12 - December,20,0
Mapstone - Far northern,2004 Total,,109,16.82
Mapstone - Far northern,2005,03 - March,N/A,N/A
Mapstone - Far northern,2005,04 - April,N/A,N/A
Mapstone - Far northern,2005,05 - May,N/A,N/A
Mapstone - Far northern,2005,06 - June,N/A,N/A
Mapstone - Far northern,2005,07 - July,N/A,N/A
Mapstone - Far northern,2005,09 - September,N/A,N/A
Mapstone - Far northern,2005,10 - October,22,20
Mapstone - Far northern,2005,11 - November,27,82
Mapstone - Far northern,2005,12 - December,N/A,N/A
Mapstone - Far northern,2005 Total,,108,141.76
Mapstone - Far northern,2006,01 - January,N/A,N/A
Mapstone - Far northern,2006,03 - March,N/A,N/A
Mapstone - Far northern,2006,04 - April,18,2.94
Mapstone - Far northern,2006,05 - May,N/A,N/A
Mapstone - Far northern,2006,06 - June,N/A,N/A
Mapstone - Far northern,2006,07 - July,N/A,N/A
Mapstone - Far northern,2006,08 - August,N/A,N/A
Mapstone - Far northern,2006,09 - September,N/A,N/A
Mapstone - Far northern,2006,10 - October,N/A,N/A
Mapstone - Far northern,2006,11 - November,N/A,N/A
Mapstone - Far northern,2006,12 - December,N/A,N/A
Mapstone - Far northern,2006 Total,,148,75.92
Mapstone - Far northern,2007,01 - January,N/A,N/A
Mapstone - Far northern,2007,03 - March,N/A,N/A
Mapstone - Far northern,2007,04 - April,N/A,N/A
Mapstone - Far northern,2007,05 - May,N/A,N/A
Mapstone - Far northern,2007,06 - June,N/A,N/A
Mapstone - Far northern,2007,07 - July,N/A,N/A
Mapstone - Far northern,2007,08 - August,N/A,N/A
Mapstone - Far northern,2007,09 - September,N/A,N/A
Mapstone - Far northern,2007,10 - October,N/A,N/A
Mapstone - Far northern,2007,11 - November,23,5
Mapstone - Far northern,2007,12 - December,N/A,N/A
Mapstone - Far northern,2007 Total,,123,82.5
Mapstone - Far northern,2008,01 - January,N/A,N/A
Mapstone - Far northern,2008,03 - March,N/A,N/A
Mapstone - Far northern,2008,04 - April,N/A,N/A
Mapstone - Far northern,2008,05 - May,N/A,N/A
Mapstone - Far northern,2008,06 - June,N/A,N/A
Mapstone - Far northern,2008,07 - July,N/A,N/A
Mapstone - Far northern,2008,08 - August,N/A,N/A
Mapstone - Far northern,2008,09 - September,N/A,N/A
Mapstone - Far northern,2008,10 - October,N/A,N/A
Mapstone - Far northern,2008,11 - November,N/A,N/A
Mapstone - Far northern,2008,12 - December,N/A,N/A
Mapstone - Far northern,2008 Total,,87,25
Mapstone - Far northern,2009,02 - February,N/A,N/A
Mapstone - Far northern,2009,04 - April,N/A,N/A
Mapstone - Far northern,2009,05 - May,N/A,N/A
Mapstone - Far northern,2009,06 - June,N/A,N/A
Mapstone - Far northern,2009,07 - July,N/A,N/A
Mapstone - Far northern,2009,08 - August,N/A,N/A
Mapstone - Far northern,2009,09 - September,N/A,N/A
Mapstone - Far northern,2009,10 - October,N/A,N/A
Mapstone - Far northern,2009,11 - November,N/A,N/A
Mapstone - Far northern,2009,12 - December,N/A,N/A
Mapstone - Far northern,2009 Total,,N/A,N/A
Mapstone - Far northern,2010,03 - March,N/A,N/A
Mapstone - Far northern,2010,04 - April,N/A,N/A
Mapstone - Far northern,2010,05 - May,N/A,N/A
Mapstone - Far northern,2010,06 - June,N/A,N/A
Mapstone - Far northern,2010,07 - July,N/A,N/A
Mapstone - Far northern,2010,08 - August,N/A,N/A
Mapstone - Far northern,2010,09 - September,N/A,N/A
Mapstone - Far northern,2010,10 - October,N/A,N/A
Mapstone - Far northern,2010,11 - November,N/A,N/A
Mapstone - Far northern,2010,12 - December,N/A,N/A
Mapstone - Far northern,2010 Total,,N/A,N/A
Mapstone - Far northern,2011,04 - April,N/A,N/A
Mapstone - Far northern,2011,05 - May,N/A,N/A
Mapstone - Far northern,2011,06 - June,N/A,N/A
Mapstone - Far northern,2011,07 - July,N/A,N/A
Mapstone - Far northern,2011,08 - August,N/A,N/A
Mapstone - Far northern,2011,10 - October,N/A,N/A
Mapstone - Far northern,2011 Total,,N/A,N/A
Mapstone - Far northern,2012,03 - March,N/A,N/A
Mapstone - Far northern,2012,04 - April,N/A,N/A
Mapstone - Far northern,2012,05 - May,N/A,N/A
Mapstone - Far northern,2012,06 - June,N/A,N/A
Mapstone - Far northern,2012,07 - July,N/A,N/A
Mapstone - Far northern,2012,08 - August,N/A,N/A
Mapstone - Far northern,2012,09 - September,N/A,N/A
Mapstone - Far northern,2012,10 - October,N/A,N/A
Mapstone - Far northern,2012,11 - November,N/A,N/A
Mapstone - Far northern,2012 Total,,N/A,N/A
Mapstone - Far northern,2015,05 - May,N/A,N/A
Mapstone - Far northern,2017,05 - May,N/A,N/A
Mapstone - Far northern,2018,04 - April,N/A,N/A
Mapstone - Far northern,2018,05 - May,N/A,N/A
Mapstone - Far northern,2018,09 - September,N/A,N/A
Mapstone - Far northern,2018 Total,,N/A,N/A
Mapstone - Far northern Total,,,1366,"1,674.78"
Mapstone - Gulf of carpentaria,1996,05 - May,N/A,N/A
Mapstone - Gulf of carpentaria,1996,06 - June,N/A,N/A
Mapstone - Gulf of carpentaria,1996,07 - July,N/A,N/A
Mapstone - Gulf of carpentaria,1996,08 - August,N/A,N/A
Mapstone - Gulf of carpentaria,1996,09 - September,N/A,N/A
Mapstone - Gulf of carpentaria,1996,10 - October,N/A,N/A
Mapstone - Gulf of carpentaria,1996,11 - November,N/A,N/A
Mapstone - Gulf of carpentaria,1996,12 - December,N/A,N/A
Mapstone - Gulf of carpentaria,1996 Total,,N/A,N/A
Mapstone - Gulf of carpentaria,1997,04 - April,N/A,N/A
Mapstone - Gulf of carpentaria,1997,05 - May,N/A,N/A
Mapstone - Gulf of carpentaria,1997,06 - June,N/A,N/A
Mapstone - Gulf of carpentaria,1997,07 - July,N/A,N/A
Mapstone - Gulf of carpentaria,1997,08 - August,N/A,N/A
Mapstone - Gulf of carpentaria,1997,09 - September,N/A,N/A
Mapstone - Gulf of carpentaria,1997,10 - October,N/A,N/A
Mapstone - Gulf of carpentaria,1997,12 - December,N/A,N/A
Mapstone - Gulf of carpentaria,1997 Total,,138,234.4
Mapstone - Gulf of carpentaria,1998,02 - February,N/A,N/A
Mapstone - Gulf of carpentaria,1998,03 - March,N/A,N/A
Mapstone - Gulf of carpentaria,1998,04 - April,N/A,N/A
Mapstone - Gulf of carpentaria,1998,05 - May,N/A,N/A
Mapstone - Gulf of carpentaria,1998,06 - June,N/A,N/A
Mapstone - Gulf of carpentaria,1998,07 - July,25,102.28
Mapstone - Gulf of carpentaria,1998,08 - August,N/A,N/A
Mapstone - Gulf of carpentaria,1998,09 - September,48,107.84
Mapstone - Gulf of carpentaria,1998,10 - October,N/A,N/A
Mapstone - Gulf of carpentaria,1998,11 - November,N/A,N/A
Mapstone - Gulf of carpentaria,1998,12 - December,N/A,N/A
Mapstone - Gulf of carpentaria,1998 Total,,274,"1,024.18"
Mapstone - Gulf of carpentaria,1999,02 - February,N/A,N/A
Mapstone - Gulf of carpentaria,1999,03 - March,N/A,N/A
Mapstone - Gulf of carpentaria,1999,04 - April,59,994.86
Mapstone - Gulf of carpentaria,1999,05 - May,52,227.82
Mapstone - Gulf of carpentaria,1999,06 - June,N/A,N/A
Mapstone - Gulf of carpentaria,1999,07 - July,46,75.04
Mapstone - Gulf of carpentaria,1999,08 - August,49,52
Mapstone - Gulf of carpentaria,1999,09 - September,63,137.58
Mapstone - Gulf of carpentaria,1999,10 - October,43,29.82
Mapstone - Gulf of carpentaria,1999,11 - November,N/A,N/A
Mapstone - Gulf of carpentaria,1999,12 - December,N/A,N/A
Mapstone - Gulf of carpentaria,1999 Total,,410,"1,653.46"
Mapstone - Gulf of carpentaria,2000,01 - January,N/A,N/A
Mapstone - Gulf of carpentaria,2000,02 - February,N/A,N/A
Mapstone - Gulf of carpentaria,2000,03 - March,N/A,N/A
Mapstone - Gulf of carpentaria,2000,04 - April,85,250.08
Mapstone - Gulf of carpentaria,2000,05 - May,84,180.2
Mapstone - Gulf of carpentaria,2000,06 - June,49,25.88
Mapstone - Gulf of carpentaria,2000,07 - July,48,24.94
Mapstone - Gulf of carpentaria,2000,08 - August,73,102.46
Mapstone - Gulf of carpentaria,2000,09 - September,66,109.08
Mapstone - Gulf of carpentaria,2000,10 - October,89,103
Mapstone - Gulf of carpentaria,2000,11 - November,37,0
Mapstone - Gulf of carpentaria,2000,12 - December,N/A,N/A
Mapstone - Gulf of carpentaria,2000 Total,,544,827.58
Mapstone - Gulf of carpentaria,2001,03 - March,17,31.52
Mapstone - Gulf of carpentaria,2001,04 - April,128,307.6
Mapstone - Gulf of carpentaria,2001,05 - May,111,199.64
Mapstone - Gulf of carpentaria,2001,06 - June,56,104.32
Mapstone - Gulf of carpentaria,2001,07 - July,76,176.96
Mapstone - Gulf of carpentaria,2001,08 - August,116,144.74
Mapstone - Gulf of carpentaria,2001,09 - September,96,173.38
Mapstone - Gulf of carpentaria,2001,10 - October,66,681.82
Mapstone - Gulf of carpentaria,2001,11 - November,40,50
Mapstone - Gulf of carpentaria,2001,12 - December,N/A,N/A
Mapstone - Gulf of carpentaria,2001 Total,,709,"1,869.98"
Mapstone - Gulf of carpentaria,2002,03 - March,15,68.08
Mapstone - Gulf of carpentaria,2002,04 - April,187,208.2
Mapstone - Gulf of carpentaria,2002,05 - May,189,313.12
Mapstone - Gulf of carpentaria,2002,06 - June,72,348.22
Mapstone - Gulf of carpentaria,2002,07 - July,110,219.8
Mapstone - Gulf of carpentaria,2002,08 - August,82,228.44
Mapstone - Gulf of carpentaria,2002,09 - September,142,373.18
Mapstone - Gulf of carpentaria,2002,10 - October,111,493.76
Mapstone - Gulf of carpentaria,2002,11 - November,57,222.36
Mapstone - Gulf of carpentaria,2002,12 - December,N/A,N/A
Mapstone - Gulf of carpentaria,2002 Total,,974,"2,475.16"
Mapstone - Gulf of carpentaria,2003,01 - January,N/A,N/A
Mapstone - Gulf of carpentaria,2003,02 - February,N/A,N/A
Mapstone - Gulf of carpentaria,2003,03 - March,51,194.7
Mapstone - Gulf of carpentaria,2003,04 - April,146,215.88
Mapstone - Gulf of carpentaria,2003,05 - May,103,95.8
Mapstone - Gulf of carpentaria,2003,06 - June,51,65.32
Mapstone - Gulf of carpentaria,2003,07 - July,80,99.04
Mapstone - Gulf of carpentaria,2003,08 - August,86,108.26
Mapstone - Gulf of carpentaria,2003,09 - September,117,95.58
Mapstone - Gulf of carpentaria,2003,10 - October,89,41.88
Mapstone - Gulf of carpentaria,2003,11 - November,71,0
Mapstone - Gulf of carpentaria,2003,12 - December,N/A,N/A
Mapstone - Gulf of carpentaria,2003 Total,,814,964.46
Mapstone - Gulf of carpentaria,2004,01 - January,N/A,N/A
Mapstone - Gulf of carpentaria,2004,02 - February,N/A,N/A
Mapstone - Gulf of carpentaria,2004,03 - March,32,46
Mapstone - Gulf of carpentaria,2004,04 - April,132,437.98
Mapstone - Gulf of carpentaria,2004,05 - May,160,950.02
Mapstone - Gulf of carpentaria,2004,06 - June,83,458.34
Mapstone - Gulf of carpentaria,2004,07 - July,55,52.64
Mapstone - Gulf of carpentaria,2004,08 - August,57,81.4
Mapstone - Gulf of carpentaria,2004,09 - September,101,114.62
Mapstone - Gulf of carpentaria,2004,10 - October,68,29.94
Mapstone - Gulf of carpentaria,2004,11 - November,39,0
Mapstone - Gulf of carpentaria,2004,12 - December,6,0
Mapstone - Gulf of carpentaria,2004 Total,,736,"2,180.94"
Mapstone - Gulf of carpentaria,2005,01 - January,N/A,N/A
Mapstone - Gulf of carpentaria,2005,02 - February,N/A,N/A
Mapstone - Gulf of carpentaria,2005,03 - March,56,159.82
Mapstone - Gulf of carpentaria,2005,04 - April,147,719.4
Mapstone - Gulf of carpentaria,2005,05 - May,109,55.82
Mapstone - Gulf of carpentaria,2005,06 - June,74,11.94
Mapstone - Gulf of carpentaria,2005,07 - July,40,48.64
Mapstone - Gulf of carpentaria,2005,08 - August,53,31.88
Mapstone - Gulf of carpentaria,2005,09 - September,77,51.82
Mapstone - Gulf of carpentaria,2005,10 - October,49,15.82
Mapstone - Gulf of carpentaria,2005,11 - November,29,114
Mapstone - Gulf of carpentaria,2005,12 - December,N/A,N/A
Mapstone - Gulf of carpentaria,2005 Total,,646,"1,241.14"
Mapstone - Gulf of carpentaria,2006,02 - February,N/A,N/A
Mapstone - Gulf of carpentaria,2006,03 - March,38,119
Mapstone - Gulf of carpentaria,2006,04 - April,102,54.7
Mapstone - Gulf of carpentaria,2006,05 - May,113,168.56
Mapstone - Gulf of carpentaria,2006,06 - June,95,845.4
Mapstone - Gulf of carpentaria,2006,07 - July,44,22.76
Mapstone - Gulf of carpentaria,2006,08 - August,46,237.94
Mapstone - Gulf of carpentaria,2006,09 - September,56,84
Mapstone - Gulf of carpentaria,2006,10 - October,52,0
Mapstone - Gulf of carpentaria,2006,11 - November,19,2
Mapstone - Gulf of carpentaria,2006,12 - December,N/A,N/A
Mapstone - Gulf of carpentaria,2006 Total,,571,"1,566.36"
Mapstone - Gulf of carpentaria,2007,01 - January,N/A,N/A
Mapstone - Gulf of carpentaria,2007,02 - February,N/A,N/A
Mapstone - Gulf of carpentaria,2007,03 - March,N/A,N/A
Mapstone - Gulf of carpentaria,2007,04 - April,63,203.42
Mapstone - Gulf of carpentaria,2007,05 - May,81,163.72
Mapstone - Gulf of carpentaria,2007,06 - June,55,94.62
Mapstone - Gulf of carpentaria,2007,07 - July,39,55.52
Mapstone - Gulf of carpentaria,2007,08 - August,41,27.58
Mapstone - Gulf of carpentaria,2007,09 - September,79,200.64
Mapstone - Gulf of carpentaria,2007,10 - October,83,107.7
Mapstone - Gulf of carpentaria,2007,11 - November,39,59.54
Mapstone - Gulf of carpentaria,2007 Total,,508,"1,117.44"
Mapstone - Gulf of carpentaria,2008,03 - March,34,167
Mapstone - Gulf of carpentaria,2008,04 - April,77,113
Mapstone - Gulf of carpentaria,2008,05 - May,61,40
Mapstone - Gulf of carpentaria,2008,06 - June,14,27
Mapstone - Gulf of carpentaria,2008,07 - July,N/A,N/A
Mapstone - Gulf of carpentaria,2008,08 - August,N/A,N/A
Mapstone - Gulf of carpentaria,2008,09 - September,N/A,N/A
Mapstone - Gulf of carpentaria,2008,10 - October,N/A,N/A
Mapstone - Gulf of carpentaria,2008,11 - November,N/A,N/A
Mapstone - Gulf of carpentaria,2008 Total,,266,393
Mapstone - Gulf of carpentaria,2009,04 - April,N/A,N/A
Mapstone - Gulf of carpentaria,2009,05 - May,N/A,N/A
Mapstone - Gulf of carpentaria,2009,06 - June,N/A,N/A
Mapstone - Gulf of carpentaria,2009,07 - July,N/A,N/A
Mapstone - Gulf of carpentaria,2009,08 - August,15,21.94
Mapstone - Gulf of carpentaria,2009,09 - September,20,244.58
Mapstone - Gulf of carpentaria,2009,10 - October,N/A,N/A
Mapstone - Gulf of carpentaria,2009,11 - November,N/A,N/A
Mapstone - Gulf of carpentaria,2009,12 - December,N/A,N/A
Mapstone - Gulf of carpentaria,2009 Total,,87,404.96
Mapstone - Gulf of carpentaria,2010,03 - March,N/A,N/A
Mapstone - Gulf of carpentaria,2010,04 - April,N/A,N/A
Mapstone - Gulf of carpentaria,2010,05 - May,N/A,N/A
Mapstone - Gulf of carpentaria,2010,06 - June,N/A,N/A
Mapstone - Gulf of carpentaria,2010,07 - July,N/A,N/A
Mapstone - Gulf of carpentaria,2010,08 - August,N/A,N/A
Mapstone - Gulf of carpentaria,2010,09 - September,16,116
Mapstone - Gulf of carpentaria,2010,10 - October,N/A,N/A
Mapstone - Gulf of carpentaria,2010,11 - November,N/A,N/A
Mapstone - Gulf of carpentaria,2010,12 - December,N/A,N/A
Mapstone - Gulf of carpentaria,2010 Total,,100,190.82
Mapstone - Gulf of carpentaria,2011,04 - April,N/A,N/A
Mapstone - Gulf of carpentaria,2011,05 - May,N/A,N/A
Mapstone - Gulf of carpentaria,2011,06 - June,N/A,N/A
Mapstone - Gulf of carpentaria,2011,07 - July,N/A,N/A
Mapstone - Gulf of carpentaria,2011,08 - August,N/A,N/A
Mapstone - Gulf of carpentaria,2011,09 - September,N/A,N/A
Mapstone - Gulf of carpentaria,2011 Total,,87,497.7
Mapstone - Gulf of carpentaria,2012,03 - March,N/A,N/A
Mapstone - Gulf of carpentaria,2012,04 - April,26,168
Mapstone - Gulf of carpentaria,2012,05 - May,N/A,N/A
Mapstone - Gulf of carpentaria,2012,06 - June,N/A,N/A
Mapstone - Gulf of carpentaria,2012,07 - July,N/A,N/A
Mapstone - Gulf of carpentaria,2012,08 - August,N/A,N/A
Mapstone - Gulf of carpentaria,2012,09 - September,N/A,N/A
Mapstone - Gulf of carpentaria,2012,10 - October,N/A,N/A
Mapstone - Gulf of carpentaria,2012 Total,,96,542.7
Mapstone - Gulf of carpentaria,2013,02 - February,N/A,N/A
Mapstone - Gulf of carpentaria,2013,03 - March,N/A,N/A
Mapstone - Gulf of carpentaria,2013,04 - April,N/A,N/A
Mapstone - Gulf of carpentaria,2013,05 - May,N/A,N/A
Mapstone - Gulf of carpentaria,2013,06 - June,N/A,N/A
Mapstone - Gulf of carpentaria,2013,07 - July,N/A,N/A
Mapstone - Gulf of carpentaria,2013,08 - August,N/A,N/A
Mapstone - Gulf of carpentaria,2013,09 - September,N/A,N/A
Mapstone - Gulf of carpentaria,2013,10 - October,N/A,N/A
Mapstone - Gulf of carpentaria,2013 Total,,107,766.56
Mapstone - Gulf of carpentaria,2014,04 - April,N/A,N/A
Mapstone - Gulf of carpentaria,2014,05 - May,N/A,N/A
Mapstone - Gulf of carpentaria,2014,06 - June,N/A,N/A
Mapstone - Gulf of carpentaria,2014,07 - July,N/A,N/A
Mapstone - Gulf of carpentaria,2014,08 - August,N/A,N/A
Mapstone - Gulf of carpentaria,2014,09 - September,N/A,N/A
Mapstone - Gulf of carpentaria,2014,10 - October,N/A,N/A
Mapstone - Gulf of carpentaria,2014 Total,,N/A,N/A
Mapstone - Gulf of carpentaria,2015,03 - March,N/A,N/A
Mapstone - Gulf of carpentaria,2015,04 - April,N/A,N/A
Mapstone - Gulf of carpentaria,2015,05 - May,N/A,N/A
Mapstone - Gulf of carpentaria,2015,06 - June,N/A,N/A
Mapstone - Gulf of carpentaria,2015,07 - July,N/A,N/A
Mapstone - Gulf of carpentaria,2015,08 - August,N/A,N/A
Mapstone - Gulf of carpentaria,2015,09 - September,N/A,N/A
Mapstone - Gulf of carpentaria,2015,10 - October,N/A,N/A
Mapstone - Gulf of carpentaria,2015 Total,,N/A,N/A
Mapstone - Gulf of carpentaria,2016,04 - April,N/A,N/A
Mapstone - Gulf of carpentaria,2016,05 - May,N/A,N/A
Mapstone - Gulf of carpentaria,2016,06 - June,N/A,N/A
Mapstone - Gulf of carpentaria,2016,07 - July,N/A,N/A
Mapstone - Gulf of carpentaria,2016,08 - August,N/A,N/A
Mapstone - Gulf of carpentaria,2016,09 - September,N/A,N/A
Mapstone - Gulf of carpentaria,2016,10 - October,N/A,N/A
Mapstone - Gulf of carpentaria,2016 Total,,N/A,N/A
Mapstone - Gulf of carpentaria,2017,03 - March,N/A,N/A
Mapstone - Gulf of carpentaria,2017,04 - April,54,312.5
Mapstone - Gulf of carpentaria,2017,05 - May,N/A,N/A
Mapstone - Gulf of carpentaria,2017,06 - June,N/A,N/A
Mapstone - Gulf of carpentaria,2017,07 - July,N/A,N/A
Mapstone - Gulf of carpentaria,2017,08 - August,N/A,N/A
Mapstone - Gulf of carpentaria,2017,09 - September,N/A,N/A
Mapstone - Gulf of carpentaria,2017,10 - October,N/A,N/A
Mapstone - Gulf of carpentaria,2017 Total,,129,909.06
Mapstone - Gulf of carpentaria,2018,03 - March,N/A,N/A
Mapstone - Gulf of carpentaria,2018,04 - April,N/A,N/A
Mapstone - Gulf of carpentaria,2018,05 - May,N/A,N/A
Mapstone - Gulf of carpentaria,2018,06 - June,N/A,N/A
Mapstone - Gulf of carpentaria,2018,07 - July,N/A,N/A
Mapstone - Gulf of carpentaria,2018,08 - August,N/A,N/A
Mapstone - Gulf of carpentaria,2018,09 - September,N/A,N/A
Mapstone - Gulf of carpentaria,2018,10 - October,N/A,N/A
Mapstone - Gulf of carpentaria,2018,11 - November,N/A,N/A
Mapstone - Gulf of carpentaria,2018 Total,,134,641.36
Mapstone - Gulf of carpentaria,2019,03 - March,N/A,N/A
Mapstone - Gulf of carpentaria,2019,04 - April,N/A,N/A
Mapstone - Gulf of carpentaria,2019,05 - May,N/A,N/A
Mapstone - Gulf of carpentaria,2019,06 - June,N/A,N/A
Mapstone - Gulf of carpentaria,2019,07 - July,N/A,N/A
Mapstone - Gulf of carpentaria,2019,08 - August,N/A,N/A
Mapstone - Gulf of carpentaria,2019,09 - September,N/A,N/A
Mapstone - Gulf of carpentaria,2019,10 - October,N/A,N/A
Mapstone - Gulf of carpentaria,2019 Total,,133,565.38
Mapstone - Gulf of carpentaria,2020,03 - March,N/A,N/A
Mapstone - Gulf of carpentaria,2020,07 - July,N/A,N/A
Mapstone - Gulf of carpentaria,2020,08 - August,N/A,N/A
Mapstone - Gulf of carpentaria,2020,09 - September,N/A,N/A
Mapstone - Gulf of carpentaria,2020,10 - October,N/A,N/A
Mapstone - Gulf of carpentaria,2020 Total,,N/A,N/A
Mapstone - Gulf of carpentaria,2021,04 - April,N/A,N/A
Mapstone - Gulf of carpentaria,2021,05 - May,N/A,N/A
Mapstone - Gulf of carpentaria,2021,06 - June,N/A,N/A
Mapstone - Gulf of carpentaria,2021,07 - July,N/A,N/A
Mapstone - Gulf of carpentaria,2021,08 - August,N/A,N/A
Mapstone - Gulf of carpentaria,2021,09 - September,N/A,N/A
Mapstone - Gulf of carpentaria,2021,10 - October,N/A,N/A
Mapstone - Gulf of carpentaria,2021 Total,,N/A,N/A
Mapstone - Gulf of carpentaria,2022,03 - March,N/A,N/A
Mapstone - Gulf of carpentaria,2022,04 - April,N/A,N/A
Mapstone - Gulf of carpentaria,2022,05 - May,N/A,N/A
Mapstone - Gulf of carpentaria,2022,06 - June,N/A,N/A
Mapstone - Gulf of carpentaria,2022,07 - July,N/A,N/A
Mapstone - Gulf of carpentaria,2022,08 - August,N/A,N/A
Mapstone - Gulf of carpentaria,2022,09 - September,N/A,N/A
Mapstone - Gulf of carpentaria,2022,10 - October,N/A,N/A
Mapstone - Gulf of carpentaria,2022 Total,,125,"1,047.8"
Mapstone - Gulf of carpentaria,2023,05 - May,N/A,N/A
Mapstone - Gulf of carpentaria,2023,06 - June,N/A,N/A
Mapstone - Gulf of carpentaria,2023,07 - July,N/A,N/A
Mapstone - Gulf of carpentaria,2023,08 - August,N/A,N/A
Mapstone - Gulf of carpentaria,2023,09 - September,N/A,N/A
Mapstone - Gulf of carpentaria,2023,10 - October,N/A,N/A
Mapstone - Gulf of carpentaria,2023,11 - November,N/A,N/A
Mapstone - Gulf of carpentaria,2023 Total,,57,"1,103.03"
Mapstone - Gulf of carpentaria Total,,,8192,"24,665.51"
Mapstone - Mackay,1996,04 - April,N/A,N/A
Mapstone - Mackay,1996,10 - October,N/A,N/A
Mapstone - Mackay,1996,11 - November,N/A,N/A
Mapstone - Mackay,1996,12 - December,N/A,N/A
Mapstone - Mackay,1996 Total,,N/A,N/A
Mapstone - Mackay,1997,01 - January,N/A,N/A
Mapstone - Mackay,1997,03 - March,N/A,N/A
Mapstone - Mackay,1997,04 - April,N/A,N/A
Mapstone - Mackay,1997,05 - May,N/A,N/A
Mapstone - Mackay,1997,10 - October,N/A,N/A
Mapstone - Mackay,1997,11 - November,N/A,N/A
Mapstone - Mackay,1997 Total,,14,79.6
Mapstone - Mackay,1998,01 - January,N/A,N/A
Mapstone - Mackay,1998,02 - February,N/A,N/A
Mapstone - Mackay,1998,03 - March,N/A,N/A
Mapstone - Mackay,1998,04 - April,N/A,N/A
Mapstone - Mackay,1998 Total,,N/A,N/A
Mapstone - Mackay,1999,01 - January,N/A,N/A
Mapstone - Mackay,1999,02 - February,N/A,N/A
Mapstone - Mackay,1999,03 - March,N/A,N/A
Mapstone - Mackay,1999,09 - September,N/A,N/A
Mapstone - Mackay,1999 Total,,N/A,N/A
Mapstone - Mackay,2000,01 - January,N/A,N/A
Mapstone - Mackay,2000,02 - February,N/A,N/A
Mapstone - Mackay,2000,03 - March,N/A,N/A
Mapstone - Mackay,2000,05 - May,N/A,N/A
Mapstone - Mackay,2000,06 - June,N/A,N/A
Mapstone - Mackay,2000,09 - September,N/A,N/A
Mapstone - Mackay,2000,10 - October,N/A,N/A
Mapstone - Mackay,2000 Total,,N/A,N/A
Mapstone - Mackay,2001,01 - January,N/A,N/A
Mapstone - Mackay,2001,02 - February,N/A,N/A
Mapstone - Mackay,2001,03 - March,N/A,N/A
Mapstone - Mackay,2001,04 - April,N/A,N/A
Mapstone - Mackay,2001,05 - May,N/A,N/A
Mapstone - Mackay,2001,06 - June,N/A,N/A
Mapstone - Mackay,2001,10 - October,N/A,N/A
Mapstone - Mackay,2001,12 - December,N/A,N/A
Mapstone - Mackay,2001 Total,,22,150.5
Mapstone - Mackay,2002,01 - January,N/A,N/A
Mapstone - Mackay,2002,02 - February,N/A,N/A
Mapstone - Mackay,2002,03 - March,N/A,N/A
Mapstone - Mackay,2002,04 - April,N/A,N/A
Mapstone - Mackay,2002,09 - September,N/A,N/A
Mapstone - Mackay,2002,12 - December,N/A,N/A
Mapstone - Mackay,2002 Total,,N/A,N/A
Mapstone - Mackay,2003,05 - May,N/A,N/A
Mapstone - Mackay,2003,06 - June,N/A,N/A
Mapstone - Mackay,2003,07 - July,N/A,N/A
Mapstone - Mackay,2003,08 - August,N/A,N/A
Mapstone - Mackay,2003,09 - September,N/A,N/A
Mapstone - Mackay,2003,10 - October,N/A,N/A
Mapstone - Mackay,2003,12 - December,N/A,N/A
Mapstone - Mackay,2003 Total,,14,80.5
Mapstone - Mackay,2004,01 - January,N/A,N/A
Mapstone - Mackay,2004,02 - February,N/A,N/A
Mapstone - Mackay,2004,03 - March,N/A,N/A
Mapstone - Mackay,2004,04 - April,N/A,N/A
Mapstone - Mackay,2004,09 - September,N/A,N/A
Mapstone - Mackay,2004,11 - November,N/A,N/A
Mapstone - Mackay,2004,12 - December,N/A,N/A
Mapstone - Mackay,2004 Total,,N/A,N/A
Mapstone - Mackay,2005,02 - February,N/A,N/A
Mapstone - Mackay,2005,03 - March,N/A,N/A
Mapstone - Mackay,2005,04 - April,N/A,N/A
Mapstone - Mackay,2005,09 - September,N/A,N/A
Mapstone - Mackay,2005,10 - October,N/A,N/A
Mapstone - Mackay,2005,11 - November,N/A,N/A
Mapstone - Mackay,2005,12 - December,N/A,N/A
Mapstone - Mackay,2005 Total,,N/A,N/A
Mapstone - Mackay,2006,01 - January,N/A,N/A
Mapstone - Mackay,2006,02 - February,N/A,N/A
Mapstone - Mackay,2006,03 - March,N/A,N/A
Mapstone - Mackay,2006,04 - April,N/A,N/A
Mapstone - Mackay,2006,05 - May,N/A,N/A
Mapstone - Mackay,2006,06 - June,N/A,N/A
Mapstone - Mackay,2006,09 - September,N/A,N/A
Mapstone - Mackay,2006,10 - October,N/A,N/A
Mapstone - Mackay,2006 Total,,N/A,N/A
Mapstone - Mackay,2007,09 - September,N/A,N/A
Mapstone - Mackay,2007,10 - October,N/A,N/A
Mapstone - Mackay,2007,11 - November,N/A,N/A
Mapstone - Mackay,2007 Total,,N/A,N/A
Mapstone - Mackay,2008,10 - October,N/A,N/A
Mapstone - Mackay,2009,02 - February,N/A,N/A
Mapstone - Mackay,2009,03 - March,N/A,N/A
Mapstone - Mackay,2009,04 - April,N/A,N/A
Mapstone - Mackay,2009,08 - August,N/A,N/A
Mapstone - Mackay,2009,09 - September,N/A,N/A
Mapstone - Mackay,2009,10 - October,N/A,N/A
Mapstone - Mackay,2009,11 - November,N/A,N/A
Mapstone - Mackay,2009 Total,,N/A,N/A
Mapstone - Mackay,2010,01 - January,N/A,N/A
Mapstone - Mackay,2010,02 - February,N/A,N/A
Mapstone - Mackay,2010,03 - March,N/A,N/A
Mapstone - Mackay,2010 Total,,N/A,N/A
Mapstone - Mackay,2012,02 - February,N/A,N/A
Mapstone - Mackay,2012,04 - April,N/A,N/A
Mapstone - Mackay,2012,05 - May,N/A,N/A
Mapstone - Mackay,2012,06 - June,N/A,N/A
Mapstone - Mackay,2012,07 - July,N/A,N/A
Mapstone - Mackay,2012,08 - August,N/A,N/A
Mapstone - Mackay,2012,09 - September,N/A,N/A
Mapstone - Mackay,2012,10 - October,N/A,N/A
Mapstone - Mackay,2012 Total,,N/A,N/A
Mapstone - Mackay,2013,02 - February,N/A,N/A
Mapstone - Mackay,2013,03 - March,N/A,N/A
Mapstone - Mackay,2013,05 - May,N/A,N/A
Mapstone - Mackay,2013,06 - June,N/A,N/A
Mapstone - Mackay,2013,09 - September,N/A,N/A
Mapstone - Mackay,2013 Total,,N/A,N/A
Mapstone - Mackay,2016,03 - March,N/A,N/A
Mapstone - Mackay,2016,04 - April,N/A,N/A
Mapstone - Mackay,2016,05 - May,N/A,N/A
Mapstone - Mackay,2016,06 - June,N/A,N/A
Mapstone - Mackay,2016,07 - July,N/A,N/A
Mapstone - Mackay,2016,08 - August,N/A,N/A
Mapstone - Mackay,2016 Total,,N/A,N/A
Mapstone - Mackay,2017,02 - February,N/A,N/A
Mapstone - Mackay,2017,03 - March,N/A,N/A
Mapstone - Mackay,2017,11 - November,N/A,N/A
Mapstone - Mackay,2017 Total,,N/A,N/A
Mapstone - Mackay,2018,01 - January,N/A,N/A
Mapstone - Mackay,2018,02 - February,N/A,N/A
Mapstone - Mackay,2018,03 - March,N/A,N/A
Mapstone - Mackay,2018,04 - April,N/A,N/A
Mapstone - Mackay,2018,06 - June,N/A,N/A
Mapstone - Mackay,2018,08 - August,N/A,N/A
Mapstone - Mackay,2018,09 - September,N/A,N/A
Mapstone - Mackay,2018,10 - October,N/A,N/A
Mapstone - Mackay,2018,11 - November,N/A,N/A
Mapstone - Mackay,2018,12 - December,N/A,N/A
Mapstone - Mackay,2018 Total,,N/A,N/A
Mapstone - Mackay,2019,01 - January,N/A,N/A
Mapstone - Mackay,2019,02 - February,N/A,N/A
Mapstone - Mackay,2019,03 - March,N/A,N/A
Mapstone - Mackay,2019,04 - April,N/A,N/A
Mapstone - Mackay,2019,05 - May,N/A,N/A
Mapstone - Mackay,2019,09 - September,N/A,N/A
Mapstone - Mackay,2019,10 - October,N/A,N/A
Mapstone - Mackay,2019,11 - November,N/A,N/A
Mapstone - Mackay,2019 Total,,N/A,N/A
Mapstone - Mackay,2020,08 - August,N/A,N/A
Mapstone - Mackay,2020,09 - September,N/A,N/A
Mapstone - Mackay,2020,10 - October,N/A,N/A
Mapstone - Mackay,2020,12 - December,N/A,N/A
Mapstone - Mackay,2020 Total,,N/A,N/A
Mapstone - Mackay,2021,02 - February,N/A,N/A
Mapstone - Mackay,2021,03 - March,N/A,N/A
Mapstone - Mackay,2021,04 - April,N/A,N/A
Mapstone - Mackay,2021,05 - May,N/A,N/A
Mapstone - Mackay,2021,06 - June,N/A,N/A
Mapstone - Mackay,2021,07 - July,N/A,N/A
Mapstone - Mackay,2021,10 - October,N/A,N/A
Mapstone - Mackay,2021,12 - December,N/A,N/A
Mapstone - Mackay,2021 Total,,N/A,N/A
Mapstone - Mackay,2022,03 - March,N/A,N/A
Mapstone - Mackay,2022,04 - April,N/A,N/A
Mapstone - Mackay,2022,05 - May,N/A,N/A
Mapstone - Mackay,2022,06 - June,N/A,N/A
Mapstone - Mackay,2022,07 - July,N/A,N/A
Mapstone - Mackay,2022,08 - August,N/A,N/A
Mapstone - Mackay,2022,09 - September,N/A,N/A
Mapstone - Mackay,2022,10 - October,N/A,N/A
Mapstone - Mackay,2022 Total,,N/A,N/A
Mapstone - Mackay,2023,01 - January,N/A,N/A
Mapstone - Mackay,2023,02 - February,N/A,N/A
Mapstone - Mackay,2023,03 - March,N/A,N/A
Mapstone - Mackay,2023,04 - April,N/A,N/A
Mapstone - Mackay,2023,05 - May,N/A,N/A
Mapstone - Mackay,2023,07 - July,N/A,N/A
Mapstone - Mackay,2023,08 - August,N/A,N/A
Mapstone - Mackay,2023,09 - September,N/A,N/A
Mapstone - Mackay,2023,10 - October,N/A,N/A
Mapstone - Mackay,2023 Total,,N/A,N/A
Mapstone - Mackay Total,,,384,"5,551.78"
Mapstone - The swains,1996,09 - September,N/A,N/A
Mapstone - The swains,1997,09 - September,N/A,N/A
Mapstone - The swains,1998,05 - May,N/A,N/A
Mapstone - The swains,2000,03 - March,N/A,N/A
Mapstone - The swains,2000,06 - June,N/A,N/A
Mapstone - The swains,2000 Total,,N/A,N/A
Mapstone - The swains,2001,01 - January,N/A,N/A
Mapstone - The swains,2003,08 - August,N/A,N/A
Mapstone - The swains,2005,06 - June,N/A,N/A
Mapstone - The swains Total,,,17,143.82
Mapstone - Townsville,1996,04 - April,N/A,N/A
Mapstone - Townsville,1996,05 - May,N/A,N/A
Mapstone - Townsville,1996,06 - June,N/A,N/A
Mapstone - Townsville,1996,07 - July,N/A,N/A
Mapstone - Townsville,1996,08 - August,N/A,N/A
Mapstone - Townsville,1996,09 - September,24,0
Mapstone - Townsville,1996,10 - October,32,23.3
Mapstone - Townsville,1996,11 - November,36,35.95
Mapstone - Townsville,1996,12 - December,N/A,N/A
Mapstone - Townsville,1996 Total,,140,66.25
Mapstone - Townsville,1997,01 - January,31,27.5
Mapstone - Townsville,1997,02 - February,32,14.5
Mapstone - Townsville,1997,03 - March,33,32.5
Mapstone - Townsville,1997,04 - April,47,52
Mapstone - Townsville,1997,05 - May,49,90.5
Mapstone - Townsville,1997,06 - June,26,65
Mapstone - Townsville,1997,07 - July,N/A,N/A
Mapstone - Townsville,1997,08 - August,27,66.5
Mapstone - Townsville,1997,09 - September,49,59.5
Mapstone - Townsville,1997,10 - October,63,66.32
Mapstone - Townsville,1997,11 - November,50,17
Mapstone - Townsville,1997,12 - December,31,5
Mapstone - Townsville,1997 Total,,462,540.32
Mapstone - Townsville,1998,01 - January,24,0
Mapstone - Townsville,1998,02 - February,37,84.76
Mapstone - Townsville,1998,03 - March,35,28
Mapstone - Townsville,1998,04 - April,40,58
Mapstone - Townsville,1998,05 - May,37,39
Mapstone - Townsville,1998,06 - June,34,93
Mapstone - Townsville,1998,07 - July,51,63.5
Mapstone - Townsville,1998,08 - August,45,58
Mapstone - Townsville,1998,09 - September,77,28.44
Mapstone - Townsville,1998,10 - October,107,160.6
Mapstone - Townsville,1998,11 - November,79,326
Mapstone - Townsville,1998,12 - December,55,74.4
Mapstone - Townsville,1998 Total,,621,"1,013.7"
Mapstone - Townsville,1999,01 - January,46,36.58
Mapstone - Townsville,1999,02 - February,44,103.94
Mapstone - Townsville,1999,03 - March,55,98.5
Mapstone - Townsville,1999,04 - April,72,101
Mapstone - Townsville,1999,05 - May,67,149
Mapstone - Townsville,1999,06 - June,60,199.5
Mapstone - Townsville,1999,07 - July,63,113.5
Mapstone - Townsville,1999,08 - August,45,119.88
Mapstone - Townsville,1999,09 - September,84,290.54
Mapstone - Townsville,1999,10 - October,132,247.08
Mapstone - Townsville,1999,11 - November,51,32
Mapstone - Townsville,1999,12 - December,36,0
Mapstone - Townsville,1999 Total,,755,"1,491.52"
Mapstone - Townsville,2000,01 - January,37,39
Mapstone - Townsville,2000,02 - February,38,46
Mapstone - Townsville,2000,03 - March,56,75.5
Mapstone - Townsville,2000,04 - April,45,14
Mapstone - Townsville,2000,05 - May,52,87
Mapstone - Townsville,2000,06 - June,39,85
Mapstone - Townsville,2000,07 - July,38,106.5
Mapstone - Townsville,2000,08 - August,62,175.5
Mapstone - Townsville,2000,09 - September,82,181.2
Mapstone - Townsville,2000,10 - October,151,965.35
Mapstone - Townsville,2000,11 - November,72,22
Mapstone - Townsville,2000,12 - December,36,0
Mapstone - Townsville,2000 Total,,708,"1,797.05"
Mapstone - Townsville,2001,01 - January,49,10
Mapstone - Townsville,2001,02 - February,60,185
Mapstone - Townsville,2001,03 - March,92,313
Mapstone - Townsville,2001,04 - April,90,163
Mapstone - Townsville,2001,05 - May,98,244.94
Mapstone - Townsville,2001,06 - June,72,122.5
Mapstone - Townsville,2001,07 - July,80,145.82
Mapstone - Townsville,2001,08 - August,73,104.5
Mapstone - Townsville,2001,09 - September,104,249.12
Mapstone - Townsville,2001,10 - October,148,326.22
Mapstone - Townsville,2001,11 - November,71,0
Mapstone - Townsville,2001,12 - December,44,0
Mapstone - Townsville,2001 Total,,981,"1,864.1"
Mapstone - Townsville,2002,01 - January,50,5.5
Mapstone - Townsville,2002,02 - February,72,251.94
Mapstone - Townsville,2002,03 - March,89,153.5
Mapstone - Townsville,2002,04 - April,107,241.94
Mapstone - Townsville,2002,05 - May,113,211.98
Mapstone - Townsville,2002,06 - June,97,554.94
Mapstone - Townsville,2002,07 - July,67,111
Mapstone - Townsville,2002,08 - August,101,253.94
Mapstone - Townsville,2002,09 - September,94,82.14
Mapstone - Townsville,2002,10 - October,150,319.34
Mapstone - Townsville,2002,11 - November,79,102.9
Mapstone - Townsville,2002,12 - December,67,86.04
Mapstone - Townsville,2002 Total,,1086,"2,375.16"
Mapstone - Townsville,2003,01 - January,63,137.38
Mapstone - Townsville,2003,02 - February,108,441.56
Mapstone - Townsville,2003,03 - March,117,491.82
Mapstone - Townsville,2003,04 - April,126,265.7
Mapstone - Townsville,2003,05 - May,111,215.78
Mapstone - Townsville,2003,06 - June,72,191
Mapstone - Townsville,2003,07 - July,66,140
Mapstone - Townsville,2003,08 - August,76,83
Mapstone - Townsville,2003,09 - September,131,243
Mapstone - Townsville,2003,10 - October,159,255.38
Mapstone - Townsville,2003,11 - November,95,41
Mapstone - Townsville,2003,12 - December,53,39
Mapstone - Townsville,2003 Total,,1177,"2,544.62"
Mapstone - Townsville,2004,01 - January,59,54.6
Mapstone - Townsville,2004,02 - February,68,417.9
Mapstone - Townsville,2004,03 - March,102,356.02
Mapstone - Townsville,2004,04 - April,74,181.32
Mapstone - Townsville,2004,05 - May,62,257
Mapstone - Townsville,2004,06 - June,64,176.56
Mapstone - Townsville,2004,07 - July,85,209.28
Mapstone - Townsville,2004,08 - August,86,121.44
Mapstone - Townsville,2004,09 - September,127,149
Mapstone - Townsville,2004,10 - October,151,400.38
Mapstone - Townsville,2004,11 - November,108,31.26
Mapstone - Townsville,2004,12 - December,47,11
Mapstone - Townsville,2004 Total,,1033,"2,365.76"
Mapstone - Townsville,2005,01 - January,53,0
Mapstone - Townsville,2005,02 - February,112,373
Mapstone - Townsville,2005,03 - March,115,385.44
Mapstone - Townsville,2005,04 - April,73,171.5
Mapstone - Townsville,2005,05 - May,72,218.34
Mapstone - Townsville,2005,06 - June,56,153.56
Mapstone - Townsville,2005,07 - July,40,49
Mapstone - Townsville,2005,08 - August,85,173
Mapstone - Townsville,2005,09 - September,112,426.5
Mapstone - Townsville,2005,10 - October,151,636.14
Mapstone - Townsville,2005,11 - November,54,79.82
Mapstone - Townsville,2005,12 - December,27,7
Mapstone - Townsville,2005 Total,,950,"2,673.3"
Mapstone - Townsville,2006,01 - January,31,0
Mapstone - Townsville,2006,02 - February,73,401.26
Mapstone - Townsville,2006,03 - March,53,143
Mapstone - Townsville,2006,04 - April,50,216.38
Mapstone - Townsville,2006,05 - May,63,404.52
Mapstone - Townsville,2006,06 - June,32,113.38
Mapstone - Townsville,2006,07 - July,27,104.38
Mapstone - Townsville,2006,08 - August,41,154.76
Mapstone - Townsville,2006,09 - September,49,104
Mapstone - Townsville,2006,10 - October,75,392.28
Mapstone - Townsville,2006,11 - November,29,4
Mapstone - Townsville,2006,12 - December,N/A,N/A
Mapstone - Townsville,2006 Total,,532,"2,037.96"
Mapstone - Townsville,2007,01 - January,22,0
Mapstone - Townsville,2007,02 - February,21,79
Mapstone - Townsville,2007,03 - March,26,176
Mapstone - Townsville,2007,04 - April,30,92.94
Mapstone - Townsville,2007,05 - May,25,98.52
Mapstone - Townsville,2007,06 - June,14,36.82
Mapstone - Townsville,2007,07 - July,29,92.16
Mapstone - Townsville,2007,08 - August,17,63.82
Mapstone - Townsville,2007,09 - September,39,103.08
Mapstone - Townsville,2007,10 - October,61,193.88
Mapstone - Townsville,2007,11 - November,21,0
Mapstone - Townsville,2007,12 - December,12,0
Mapstone - Townsville,2007 Total,,317,936.22
Mapstone - Townsville,2008,01 - January,16,0
Mapstone - Townsville,2008,02 - February,20,69.76
Mapstone - Townsville,2008,03 - March,18,127.4
Mapstone - Townsville,2008,04 - April,29,185
Mapstone - Townsville,2008,05 - May,22,54
Mapstone - Townsville,2008,06 - June,10,28
Mapstone - Townsville,2008,07 - July,16,21
Mapstone - Townsville,2008,08 - August,23,33
Mapstone - Townsville,2008,09 - September,25,183
Mapstone - Townsville,2008,10 - October,48,281
Mapstone - Townsville,2008,11 - November,15,0
Mapstone - Townsville,2008,12 - December,12,11
Mapstone - Townsville,2008 Total,,254,993.16
Mapstone - Townsville,2009,01 - January,N/A,N/A
Mapstone - Townsville,2009,02 - February,14,63
Mapstone - Townsville,2009,03 - March,N/A,N/A
Mapstone - Townsville,2009,04 - April,41,248.76
Mapstone - Townsville,2009,05 - May,45,271.88
Mapstone - Townsville,2009,06 - June,26,137
Mapstone - Townsville,2009,07 - July,24,203
Mapstone - Townsville,2009,08 - August,34,195.14
Mapstone - Townsville,2009,09 - September,32,256.86
Mapstone - Townsville,2009,10 - October,44,293.56
Mapstone - Townsville,2009,11 - November,N/A,N/A
Mapstone - Townsville,2009,12 - December,N/A,N/A
Mapstone - Townsville,2009 Total,,310,"1,878.08"
Mapstone - Townsville,2010,01 - January,N/A,N/A
Mapstone - Townsville,2010,02 - February,18,44
Mapstone - Townsville,2010,03 - March,N/A,N/A
Mapstone - Townsville,2010,04 - April,14,55
Mapstone - Townsville,2010,05 - May,36,218
Mapstone - Townsville,2010,06 - June,27,70.94
Mapstone - Townsville,2010,07 - July,16,118
Mapstone - Townsville,2010,08 - August,17,12
Mapstone - Townsville,2010,09 - September,25,183
Mapstone - Townsville,2010,10 - October,51,496
Mapstone - Townsville,2010,11 - November,N/A,N/A
Mapstone - Townsville,2010,12 - December,N/A,N/A
Mapstone - Townsville,2010 Total,,221,"1,238.94"
Mapstone - Townsville,2011,01 - January,N/A,N/A
Mapstone - Townsville,2011,02 - February,18,420.8
Mapstone - Townsville,2011,03 - March,N/A,N/A
Mapstone - Townsville,2011,04 - April,N/A,N/A
Mapstone - Townsville,2011,05 - May,N/A,N/A
Mapstone - Townsville,2011,06 - June,N/A,N/A
Mapstone - Townsville,2011,07 - July,21,64
Mapstone - Townsville,2011,08 - August,21,69
Mapstone - Townsville,2011,09 - September,14,8
Mapstone - Townsville,2011,10 - October,14,4
Mapstone - Townsville,2011,11 - November,N/A,N/A
Mapstone - Townsville,2011 Total,,136,865.8
Mapstone - Townsville,2012,01 - January,N/A,N/A
Mapstone - Townsville,2012,02 - February,N/A,N/A
Mapstone - Townsville,2012,03 - March,N/A,N/A
Mapstone - Townsville,2012,04 - April,N/A,N/A
Mapstone - Townsville,2012,05 - May,N/A,N/A
Mapstone - Townsville,2012,06 - June,N/A,N/A
Mapstone - Townsville,2012,07 - July,N/A,N/A
Mapstone - Townsville,2012,08 - August,N/A,N/A
Mapstone - Townsville,2012,09 - September,N/A,N/A
Mapstone - Townsville,2012,10 - October,N/A,N/A
Mapstone - Townsville,2012,11 - November,N/A,N/A
Mapstone - Townsville,2012 Total,,113,404
Mapstone - Townsville,2013,02 - February,N/A,N/A
Mapstone - Townsville,2013,03 - March,N/A,N/A
Mapstone - Townsville,2013,04 - April,22,25
Mapstone - Townsville,2013,05 - May,19,14
Mapstone - Townsville,2013,06 - June,20,20.94
Mapstone - Townsville,2013,07 - July,15,63
Mapstone - Townsville,2013,08 - August,12,18.88
Mapstone - Townsville,2013,09 - September,22,79
Mapstone - Townsville,2013,10 - October,37,126
Mapstone - Townsville,2013,11 - November,N/A,N/A
Mapstone - Townsville,2013 Total,,165,391.82
Mapstone - Townsville,2014,02 - February,N/A,N/A
Mapstone - Townsville,2014,03 - March,N/A,N/A
Mapstone - Townsville,2014,04 - April,N/A,N/A
Mapstone - Townsville,2014,05 - May,N/A,N/A
Mapstone - Townsville,2014,06 - June,N/A,N/A
Mapstone - Townsville,2014,07 - July,N/A,N/A
Mapstone - Townsville,2014,08 - August,N/A,N/A
Mapstone - Townsville,2014,09 - September,N/A,N/A
Mapstone - Townsville,2014,10 - October,N/A,N/A
Mapstone - Townsville,2014 Total,,79,68
Mapstone - Townsville,2015,01 - January,N/A,N/A
Mapstone - Townsville,2015,02 - February,N/A,N/A
Mapstone - Townsville,2015,03 - March,N/A,N/A
Mapstone - Townsville,2015,04 - April,N/A,N/A
Mapstone - Townsville,2015,05 - May,N/A,N/A
Mapstone - Townsville,2015,06 - June,N/A,N/A
Mapstone - Townsville,2015,07 - July,N/A,N/A
Mapstone - Townsville,2015,08 - August,N/A,N/A
Mapstone - Townsville,2015,09 - September,22,10
Mapstone - Townsville,2015,10 - October,N/A,N/A
Mapstone - Townsville,2015,11 - November,N/A,N/A
Mapstone - Townsville,2015,12 - December,N/A,N/A
Mapstone - Townsville,2015 Total,,117,202
Mapstone - Townsville,2016,01 - January,N/A,N/A
Mapstone - Townsville,2016,02 - February,N/A,N/A
Mapstone - Townsville,2016,03 - March,N/A,N/A
Mapstone - Townsville,2016,04 - April,33,174
Mapstone - Townsville,2016,05 - May,17,17
Mapstone - Townsville,2016,06 - June,N/A,N/A
Mapstone - Townsville,2016,07 - July,15,36.64
Mapstone - Townsville,2016,08 - August,13,38
Mapstone - Townsville,2016,09 - September,27,85.52
Mapstone - Townsville,2016,10 - October,28,129.7
Mapstone - Townsville,2016,11 - November,N/A,N/A
Mapstone - Townsville,2016,12 - December,N/A,N/A
Mapstone - Townsville,2016 Total,,169,732.78
Mapstone - Townsville,2017,01 - January,N/A,N/A
Mapstone - Townsville,2017,02 - February,7,27.32
Mapstone - Townsville,2017,03 - March,13,62
Mapstone - Townsville,2017,04 - April,26,147.8
Mapstone - Townsville,2017,05 - May,N/A,N/A
Mapstone - Townsville,2017,06 - June,18,11.82
Mapstone - Townsville,2017,07 - July,9,10
Mapstone - Townsville,2017,08 - August,N/A,N/A
Mapstone - Townsville,2017,09 - September,N/A,N/A
Mapstone - Townsville,2017,10 - October,N/A,N/A
Mapstone - Townsville,2017,11 - November,N/A,N/A
Mapstone - Townsville,2017,12 - December,N/A,N/A
Mapstone - Townsville,2017 Total,,156,368.22
Mapstone - Townsville,2018,01 - January,N/A,N/A
Mapstone - Townsville,2018,02 - February,N/A,N/A
Mapstone - Townsville,2018,03 - March,N/A,N/A
Mapstone - Townsville,2018,04 - April,N/A,N/A
Mapstone - Townsville,2018,05 - May,24,72
Mapstone - Townsville,2018,06 - June,13,23
Mapstone - Townsville,2018,07 - July,N/A,N/A
Mapstone - Townsville,2018,08 - August,9,14
Mapstone - Townsville,2018,09 - September,28,75
Mapstone - Townsville,2018,10 - October,N/A,N/A
Mapstone - Townsville,2018,11 - November,N/A,N/A
Mapstone - Townsville,2018 Total,,155,652.88
Mapstone - Townsville,2019,02 - February,N/A,N/A
Mapstone - Townsville,2019,03 - March,18,98.58
Mapstone - Townsville,2019,04 - April,N/A,N/A
Mapstone - Townsville,2019,05 - May,N/A,N/A
Mapstone - Townsville,2019,06 - June,N/A,N/A
Mapstone - Townsville,2019,07 - July,9,57.76
Mapstone - Townsville,2019,08 - August,9,28.64
Mapstone - Townsville,2019,09 - September,N/A,N/A
Mapstone - Townsville,2019,10 - October,22,70
Mapstone - Townsville,2019,11 - November,N/A,N/A
Mapstone - Townsville,2019,12 - December,N/A,N/A
Mapstone - Townsville,2019 Total,,98,364.62
Mapstone - Townsville,2020,03 - March,N/A,N/A
Mapstone - Townsville,2020,07 - July,N/A,N/A
Mapstone - Townsville,2020,08 - August,N/A,N/A
Mapstone - Townsville,2020,09 - September,N/A,N/A
Mapstone - Townsville,2020,10 - October,N/A,N/A
Mapstone - Townsville,2020,11 - November,N/A,N/A
Mapstone - Townsville,2020 Total,,24,18.94
Mapstone - Townsville,2021,02 - February,N/A,N/A
Mapstone - Townsville,2021,03 - March,N/A,N/A
Mapstone - Townsville,2021,04 - April,N/A,N/A
Mapstone - Townsville,2021,05 - May,N/A,N/A
Mapstone - Townsville,2021,06 - June,N/A,N/A
Mapstone - Townsville,2021,07 - July,N/A,N/A
Mapstone - Townsville,2021,09 - September,N/A,N/A
Mapstone - Townsville,2021,10 - October,N/A,N/A
Mapstone - Townsville,2021,11 - November,N/A,N/A
Mapstone - Townsville,2021 Total,,39,49.76
Mapstone - Townsville,2022,01 - January,N/A,N/A
Mapstone - Townsville,2022,02 - February,N/A,N/A
Mapstone - Townsville,2022,03 - March,N/A,N/A
Mapstone - Townsville,2022,04 - April,N/A,N/A
Mapstone - Townsville,2022,05 - May,N/A,N/A
Mapstone - Townsville,2022,06 - June,N/A,N/A
Mapstone - Townsville,2022,07 - July,N/A,N/A
Mapstone - Townsville,2022,08 - August,N/A,N/A
Mapstone - Townsville,2022,09 - September,N/A,N/A
Mapstone - Townsville,2022,10 - October,22,232.26
Mapstone - Townsville,2022,11 - November,N/A,N/A
Mapstone - Townsville,2022,12 - December,N/A,N/A
Mapstone - Townsville,2022 Total,,85,328.08
Mapstone - Townsville,2023,02 - February,N/A,N/A
Mapstone - Townsville,2023,03 - March,N/A,N/A
Mapstone - Townsville,2023,04 - April,N/A,N/A
Mapstone - Townsville,2023,05 - May,N/A,N/A
Mapstone - Townsville,2023,06 - June,N/A,N/A
Mapstone - Townsville,2023,07 - July,N/A,N/A
Mapstone - Townsville,2023,08 - August,N/A,N/A
Mapstone - Townsville,2023,09 - September,N/A,N/A
Mapstone - Townsville,2023,10 - October,N/A,N/A
Mapstone - Townsville,2023,11 - November,N/A,N/A
Mapstone - Townsville,2023,12 - December,N/A,N/A
Mapstone - Townsville,2023 Total,,61,194.82
Mapstone - Townsville Total,,,10944,"28,457.86"
Grand Total,,,30362,"84,037.23"
